1, DA7D,1,1,0,1,1,0,1,0,0,1,1,1,1,1,0,1, 
2, DA76,1,1,0,1,1,0,1,0,0,1,1,1,0,1,1,0, 
3, DA75,1,1,0,1,1,0,1,0,0,1,1,1,0,1,0,1, 
4, DA83,1,1,0,1,1,0,1,0,1,0,0,0,0,0,1,1, 
5, DA67,1,1,0,1,1,0,1,0,0,1,1,0,0,1,1,1, 
6, DA8B,1,1,0,1,1,0,1,0,1,0,0,0,1,0,1,1, 
7, DA6B,1,1,0,1,1,0,1,0,0,1,1,0,1,0,1,1, 
8, DA7D,1,1,0,1,1,0,1,0,0,1,1,1,1,1,0,1, 
9, DA78,1,1,0,1,1,0,1,0,0,1,1,1,1,0,0,0, 
10, DA81,1,1,0,1,1,0,1,0,1,0,0,0,0,0,0,1, 
11, DA6C,1,1,0,1,1,0,1,0,0,1,1,0,1,1,0,0, 
12, DA7F,1,1,0,1,1,0,1,0,0,1,1,1,1,1,1,1, 
13, DA7D,1,1,0,1,1,0,1,0,0,1,1,1,1,1,0,1, 
14, DA6F,1,1,0,1,1,0,1,0,0,1,1,0,1,1,1,1, 
15, DA7C,1,1,0,1,1,0,1,0,0,1,1,1,1,1,0,0, 
16, DA7E,1,1,0,1,1,0,1,0,0,1,1,1,1,1,1,0, 
17, DA66,1,1,0,1,1,0,1,0,0,1,1,0,0,1,1,0, 
18, DA90,1,1,0,1,1,0,1,0,1,0,0,1,0,0,0,0, 
19, DA68,1,1,0,1,1,0,1,0,0,1,1,0,1,0,0,0, 
20, DA82,1,1,0,1,1,0,1,0,1,0,0,0,0,0,1,0, 
21, DA69,1,1,0,1,1,0,1,0,0,1,1,0,1,0,0,1, 
22, DA95,1,1,0,1,1,0,1,0,1,0,0,1,0,1,0,1, 
23, DA5C,1,1,0,1,1,0,1,0,0,1,0,1,1,1,0,0, 
24, DA8F,1,1,0,1,1,0,1,0,1,0,0,0,1,1,1,1, 
25, DA69,1,1,0,1,1,0,1,0,0,1,1,0,1,0,0,1, 
26, DA8E,1,1,0,1,1,0,1,0,1,0,0,0,1,1,1,0, 
27, DA6C,1,1,0,1,1,0,1,0,0,1,1,0,1,1,0,0, 
28, DA7B,1,1,0,1,1,0,1,0,0,1,1,1,1,0,1,1, 
29, DA73,1,1,0,1,1,0,1,0,0,1,1,1,0,0,1,1, 
30, DA75,1,1,0,1,1,0,1,0,0,1,1,1,0,1,0,1, 
31, DA88,1,1,0,1,1,0,1,0,1,0,0,0,1,0,0,0, 
32, DA6A,1,1,0,1,1,0,1,0,0,1,1,0,1,0,1,0, 
33, DA80,1,1,0,1,1,0,1,0,1,0,0,0,0,0,0,0, 
34, DA73,1,1,0,1,1,0,1,0,0,1,1,1,0,0,1,1, 
35, DA80,1,1,0,1,1,0,1,0,1,0,0,0,0,0,0,0, 
36, DA6E,1,1,0,1,1,0,1,0,0,1,1,0,1,1,1,0, 
37, DA8A,1,1,0,1,1,0,1,0,1,0,0,0,1,0,1,0, 
38, DA6B,1,1,0,1,1,0,1,0,0,1,1,0,1,0,1,1, 
39, DA89,1,1,0,1,1,0,1,0,1,0,0,0,1,0,0,1, 
40, DA6A,1,1,0,1,1,0,1,0,0,1,1,0,1,0,1,0, 
41, DA89,1,1,0,1,1,0,1,0,1,0,0,0,1,0,0,1, 
42, DA69,1,1,0,1,1,0,1,0,0,1,1,0,1,0,0,1, 
43, DA82,1,1,0,1,1,0,1,0,1,0,0,0,0,0,1,0, 
44, DA80,1,1,0,1,1,0,1,0,1,0,0,0,0,0,0,0, 
45, DA61,1,1,0,1,1,0,1,0,0,1,1,0,0,0,0,1, 
46, DA88,1,1,0,1,1,0,1,0,1,0,0,0,1,0,0,0, 
47, DA81,1,1,0,1,1,0,1,0,1,0,0,0,0,0,0,1, 
48, DA6C,1,1,0,1,1,0,1,0,0,1,1,0,1,1,0,0, 
49, DA77,1,1,0,1,1,0,1,0,0,1,1,1,0,1,1,1, 
50, DA83,1,1,0,1,1,0,1,0,1,0,0,0,0,0,1,1, 
51, DA6E,1,1,0,1,1,0,1,0,0,1,1,0,1,1,1,0, 
52, DA7E,1,1,0,1,1,0,1,0,0,1,1,1,1,1,1,0, 
53, DA84,1,1,0,1,1,0,1,0,1,0,0,0,0,1,0,0, 
54, DA71,1,1,0,1,1,0,1,0,0,1,1,1,0,0,0,1, 
55, DA84,1,1,0,1,1,0,1,0,1,0,0,0,0,1,0,0, 
56, DA6A,1,1,0,1,1,0,1,0,0,1,1,0,1,0,1,0, 
57, DA89,1,1,0,1,1,0,1,0,1,0,0,0,1,0,0,1, 
58, DA71,1,1,0,1,1,0,1,0,0,1,1,1,0,0,0,1, 
59, DA76,1,1,0,1,1,0,1,0,0,1,1,1,0,1,1,0, 
60, DA83,1,1,0,1,1,0,1,0,1,0,0,0,0,0,1,1, 
61, DA77,1,1,0,1,1,0,1,0,0,1,1,1,0,1,1,1, 
62, DA73,1,1,0,1,1,0,1,0,0,1,1,1,0,0,1,1, 
63, DA82,1,1,0,1,1,0,1,0,1,0,0,0,0,0,1,0, 
64, DA72,1,1,0,1,1,0,1,0,0,1,1,1,0,0,1,0, 
65, DA79,1,1,0,1,1,0,1,0,0,1,1,1,1,0,0,1, 
66, DA83,1,1,0,1,1,0,1,0,1,0,0,0,0,0,1,1, 
67, DA77,1,1,0,1,1,0,1,0,0,1,1,1,0,1,1,1, 
68, DA87,1,1,0,1,1,0,1,0,1,0,0,0,0,1,1,1, 
69, DA65,1,1,0,1,1,0,1,0,0,1,1,0,0,1,0,1, 
70, DA94,1,1,0,1,1,0,1,0,1,0,0,1,0,1,0,0, 
71, DA63,1,1,0,1,1,0,1,0,0,1,1,0,0,0,1,1, 
72, DA8B,1,1,0,1,1,0,1,0,1,0,0,0,1,0,1,1, 
73, DA71,1,1,0,1,1,0,1,0,0,1,1,1,0,0,0,1, 
74, DA80,1,1,0,1,1,0,1,0,1,0,0,0,0,0,0,0, 
75, DA7D,1,1,0,1,1,0,1,0,0,1,1,1,1,1,0,1, 
76, DA75,1,1,0,1,1,0,1,0,0,1,1,1,0,1,0,1, 
77, DA7E,1,1,0,1,1,0,1,0,0,1,1,1,1,1,1,0, 
78, DA6D,1,1,0,1,1,0,1,0,0,1,1,0,1,1,0,1, 
79, DA82,1,1,0,1,1,0,1,0,1,0,0,0,0,0,1,0, 
80, DA76,1,1,0,1,1,0,1,0,0,1,1,1,0,1,1,0, 
81, DA86,1,1,0,1,1,0,1,0,1,0,0,0,0,1,1,0, 
82, DA62,1,1,0,1,1,0,1,0,0,1,1,0,0,0,1,0, 
83, DA99,1,1,0,1,1,0,1,0,1,0,0,1,1,0,0,1, 
84, DA66,1,1,0,1,1,0,1,0,0,1,1,0,0,1,1,0, 
85, DA8A,1,1,0,1,1,0,1,0,1,0,0,0,1,0,1,0, 
86, DA62,1,1,0,1,1,0,1,0,0,1,1,0,0,0,1,0, 
87, DA97,1,1,0,1,1,0,1,0,1,0,0,1,0,1,1,1, 
88, DA66,1,1,0,1,1,0,1,0,0,1,1,0,0,1,1,0, 
89, DA8B,1,1,0,1,1,0,1,0,1,0,0,0,1,0,1,1, 
90, DA6F,1,1,0,1,1,0,1,0,0,1,1,0,1,1,1,1, 
91, DA88,1,1,0,1,1,0,1,0,1,0,0,0,1,0,0,0, 
92, DA70,1,1,0,1,1,0,1,0,0,1,1,1,0,0,0,0, 
93, DA79,1,1,0,1,1,0,1,0,0,1,1,1,1,0,0,1, 
94, DA78,1,1,0,1,1,0,1,0,0,1,1,1,1,0,0,0, 
95, DA7B,1,1,0,1,1,0,1,0,0,1,1,1,1,0,1,1, 
96, DA82,1,1,0,1,1,0,1,0,1,0,0,0,0,0,1,0, 
97, DA71,1,1,0,1,1,0,1,0,0,1,1,1,0,0,0,1, 
98, DA83,1,1,0,1,1,0,1,0,1,0,0,0,0,0,1,1, 
99, DA6C,1,1,0,1,1,0,1,0,0,1,1,0,1,1,0,0, 
100, DA88,1,1,0,1,1,0,1,0,1,0,0,0,1,0,0,0, 
101, DA66,1,1,0,1,1,0,1,0,0,1,1,0,0,1,1,0, 
102, DA8D,1,1,0,1,1,0,1,0,1,0,0,0,1,1,0,1, 
103, DA73,1,1,0,1,1,0,1,0,0,1,1,1,0,0,1,1, 
104, DA74,1,1,0,1,1,0,1,0,0,1,1,1,0,1,0,0, 
105, DA87,1,1,0,1,1,0,1,0,1,0,0,0,0,1,1,1, 
106, DA6F,1,1,0,1,1,0,1,0,0,1,1,0,1,1,1,1, 
107, DA80,1,1,0,1,1,0,1,0,1,0,0,0,0,0,0,0, 
108, DA80,1,1,0,1,1,0,1,0,1,0,0,0,0,0,0,0, 
109, DA6D,1,1,0,1,1,0,1,0,0,1,1,0,1,1,0,1, 
110, DA89,1,1,0,1,1,0,1,0,1,0,0,0,1,0,0,1, 
111, DA80,1,1,0,1,1,0,1,0,1,0,0,0,0,0,0,0, 
112, DA69,1,1,0,1,1,0,1,0,0,1,1,0,1,0,0,1, 
113, DA87,1,1,0,1,1,0,1,0,1,0,0,0,0,1,1,1, 
114, DA7D,1,1,0,1,1,0,1,0,0,1,1,1,1,1,0,1, 
115, DA76,1,1,0,1,1,0,1,0,0,1,1,1,0,1,1,0, 
116, DA76,1,1,0,1,1,0,1,0,0,1,1,1,0,1,1,0, 
117, DA81,1,1,0,1,1,0,1,0,1,0,0,0,0,0,0,1, 
118, DA77,1,1,0,1,1,0,1,0,0,1,1,1,0,1,1,1, 
119, DA82,1,1,0,1,1,0,1,0,1,0,0,0,0,0,1,0, 
120, DA6F,1,1,0,1,1,0,1,0,0,1,1,0,1,1,1,1, 
121, DA8B,1,1,0,1,1,0,1,0,1,0,0,0,1,0,1,1, 
122, DA73,1,1,0,1,1,0,1,0,0,1,1,1,0,0,1,1, 
123, DA7D,1,1,0,1,1,0,1,0,0,1,1,1,1,1,0,1, 
124, DA83,1,1,0,1,1,0,1,0,1,0,0,0,0,0,1,1, 
125, DA73,1,1,0,1,1,0,1,0,0,1,1,1,0,0,1,1, 
126, DA83,1,1,0,1,1,0,1,0,1,0,0,0,0,0,1,1, 
127, DA72,1,1,0,1,1,0,1,0,0,1,1,1,0,0,1,0, 
128, DA8A,1,1,0,1,1,0,1,0,1,0,0,0,1,0,1,0, 
129, DA68,1,1,0,1,1,0,1,0,0,1,1,0,1,0,0,0, 
130, DA8F,1,1,0,1,1,0,1,0,1,0,0,0,1,1,1,1, 
131, DA6A,1,1,0,1,1,0,1,0,0,1,1,0,1,0,1,0, 
132, DA90,1,1,0,1,1,0,1,0,1,0,0,1,0,0,0,0, 
133, DA6F,1,1,0,1,1,0,1,0,0,1,1,0,1,1,1,1, 
134, DA7B,1,1,0,1,1,0,1,0,0,1,1,1,1,0,1,1, 
135, DA7F,1,1,0,1,1,0,1,0,0,1,1,1,1,1,1,1, 
136, DA78,1,1,0,1,1,0,1,0,0,1,1,1,1,0,0,0, 
137, DA7B,1,1,0,1,1,0,1,0,0,1,1,1,1,0,1,1, 
138, DA86,1,1,0,1,1,0,1,0,1,0,0,0,0,1,1,0, 
139, DA73,1,1,0,1,1,0,1,0,0,1,1,1,0,0,1,1, 
140, DA88,1,1,0,1,1,0,1,0,1,0,0,0,1,0,0,0, 
141, DA73,1,1,0,1,1,0,1,0,0,1,1,1,0,0,1,1, 
142, DA78,1,1,0,1,1,0,1,0,0,1,1,1,1,0,0,0, 
143, DA8B,1,1,0,1,1,0,1,0,1,0,0,0,1,0,1,1, 
144, DA70,1,1,0,1,1,0,1,0,0,1,1,1,0,0,0,0, 
145, DA85,1,1,0,1,1,0,1,0,1,0,0,0,0,1,0,1, 
146, DA7A,1,1,0,1,1,0,1,0,0,1,1,1,1,0,1,0, 
147, DA7E,1,1,0,1,1,0,1,0,0,1,1,1,1,1,1,0, 
148, DA7B,1,1,0,1,1,0,1,0,0,1,1,1,1,0,1,1, 
149, DA76,1,1,0,1,1,0,1,0,0,1,1,1,0,1,1,0, 
150, DA88,1,1,0,1,1,0,1,0,1,0,0,0,1,0,0,0, 
151, DA6D,1,1,0,1,1,0,1,0,0,1,1,0,1,1,0,1, 
152, DA88,1,1,0,1,1,0,1,0,1,0,0,0,1,0,0,0, 
153, DA78,1,1,0,1,1,0,1,0,0,1,1,1,1,0,0,0, 
154, DA84,1,1,0,1,1,0,1,0,1,0,0,0,0,1,0,0, 
155, DA71,1,1,0,1,1,0,1,0,0,1,1,1,0,0,0,1, 
156, DA86,1,1,0,1,1,0,1,0,1,0,0,0,0,1,1,0, 
157, DA7C,1,1,0,1,1,0,1,0,0,1,1,1,1,1,0,0, 
158, DA73,1,1,0,1,1,0,1,0,0,1,1,1,0,0,1,1, 
159, DA86,1,1,0,1,1,0,1,0,1,0,0,0,0,1,1,0, 
160, DA6D,1,1,0,1,1,0,1,0,0,1,1,0,1,1,0,1, 
161, DA9C,1,1,0,1,1,0,1,0,1,0,0,1,1,1,0,0, 
162, DA61,1,1,0,1,1,0,1,0,0,1,1,0,0,0,0,1, 
163, DA82,1,1,0,1,1,0,1,0,1,0,0,0,0,0,1,0, 
164, DA87,1,1,0,1,1,0,1,0,1,0,0,0,0,1,1,1, 
165, DA79,1,1,0,1,1,0,1,0,0,1,1,1,1,0,0,1, 
166, DA71,1,1,0,1,1,0,1,0,0,1,1,1,0,0,0,1, 
167, DA89,1,1,0,1,1,0,1,0,1,0,0,0,1,0,0,1, 
168, DA72,1,1,0,1,1,0,1,0,0,1,1,1,0,0,1,0, 
169, DA87,1,1,0,1,1,0,1,0,1,0,0,0,0,1,1,1, 
170, DA77,1,1,0,1,1,0,1,0,0,1,1,1,0,1,1,1, 
171, DA76,1,1,0,1,1,0,1,0,0,1,1,1,0,1,1,0, 
172, DA80,1,1,0,1,1,0,1,0,1,0,0,0,0,0,0,0, 
173, DA7E,1,1,0,1,1,0,1,0,0,1,1,1,1,1,1,0, 
174, DA7B,1,1,0,1,1,0,1,0,0,1,1,1,1,0,1,1, 
175, DA7B,1,1,0,1,1,0,1,0,0,1,1,1,1,0,1,1, 
176, DA78,1,1,0,1,1,0,1,0,0,1,1,1,1,0,0,0, 
177, DA7F,1,1,0,1,1,0,1,0,0,1,1,1,1,1,1,1, 
178, DA78,1,1,0,1,1,0,1,0,0,1,1,1,1,0,0,0, 
179, DA88,1,1,0,1,1,0,1,0,1,0,0,0,1,0,0,0, 
180, DA72,1,1,0,1,1,0,1,0,0,1,1,1,0,0,1,0, 
181, DA87,1,1,0,1,1,0,1,0,1,0,0,0,0,1,1,1, 
182, DA6F,1,1,0,1,1,0,1,0,0,1,1,0,1,1,1,1, 
183, DA8A,1,1,0,1,1,0,1,0,1,0,0,0,1,0,1,0, 
184, DA6D,1,1,0,1,1,0,1,0,0,1,1,0,1,1,0,1, 
185, DA8D,1,1,0,1,1,0,1,0,1,0,0,0,1,1,0,1, 
186, DA74,1,1,0,1,1,0,1,0,0,1,1,1,0,1,0,0, 
187, DA80,1,1,0,1,1,0,1,0,1,0,0,0,0,0,0,0, 
188, DA7C,1,1,0,1,1,0,1,0,0,1,1,1,1,1,0,0, 
189, DA7A,1,1,0,1,1,0,1,0,0,1,1,1,1,0,1,0, 
190, DA78,1,1,0,1,1,0,1,0,0,1,1,1,1,0,0,0, 
191, DA84,1,1,0,1,1,0,1,0,1,0,0,0,0,1,0,0, 
192, DA78,1,1,0,1,1,0,1,0,0,1,1,1,1,0,0,0, 
193, DA81,1,1,0,1,1,0,1,0,1,0,0,0,0,0,0,1, 
194, DA79,1,1,0,1,1,0,1,0,0,1,1,1,1,0,0,1, 
195, DA7A,1,1,0,1,1,0,1,0,0,1,1,1,1,0,1,0, 
196, DA82,1,1,0,1,1,0,1,0,1,0,0,0,0,0,1,0, 
197, DA80,1,1,0,1,1,0,1,0,1,0,0,0,0,0,0,0, 
198, DA6D,1,1,0,1,1,0,1,0,0,1,1,0,1,1,0,1, 
199, DA90,1,1,0,1,1,0,1,0,1,0,0,1,0,0,0,0, 
200, DA7A,1,1,0,1,1,0,1,0,0,1,1,1,1,0,1,0, 
201, DA73,1,1,0,1,1,0,1,0,0,1,1,1,0,0,1,1, 
202, DA82,1,1,0,1,1,0,1,0,1,0,0,0,0,0,1,0, 
203, DA7D,1,1,0,1,1,0,1,0,0,1,1,1,1,1,0,1, 
204, DA80,1,1,0,1,1,0,1,0,1,0,0,0,0,0,0,0, 
205, DA7A,1,1,0,1,1,0,1,0,0,1,1,1,1,0,1,0, 
206, DA7B,1,1,0,1,1,0,1,0,0,1,1,1,1,0,1,1, 
207, DA85,1,1,0,1,1,0,1,0,1,0,0,0,0,1,0,1, 
208, DA6E,1,1,0,1,1,0,1,0,0,1,1,0,1,1,1,0, 
209, DA83,1,1,0,1,1,0,1,0,1,0,0,0,0,0,1,1, 
210, DA7F,1,1,0,1,1,0,1,0,0,1,1,1,1,1,1,1, 
211, DA7C,1,1,0,1,1,0,1,0,0,1,1,1,1,1,0,0, 
212, DA7D,1,1,0,1,1,0,1,0,0,1,1,1,1,1,0,1, 
213, DA7D,1,1,0,1,1,0,1,0,0,1,1,1,1,1,0,1, 
214, DA78,1,1,0,1,1,0,1,0,0,1,1,1,1,0,0,0, 
215, DA8F,1,1,0,1,1,0,1,0,1,0,0,0,1,1,1,1, 
216, DA6A,1,1,0,1,1,0,1,0,0,1,1,0,1,0,1,0, 
217, DA88,1,1,0,1,1,0,1,0,1,0,0,0,1,0,0,0, 
218, DA75,1,1,0,1,1,0,1,0,0,1,1,1,0,1,0,1, 
219, DA85,1,1,0,1,1,0,1,0,1,0,0,0,0,1,0,1, 
220, DA6E,1,1,0,1,1,0,1,0,0,1,1,0,1,1,1,0, 
221, DA9E,1,1,0,1,1,0,1,0,1,0,0,1,1,1,1,0, 
222, DA54,1,1,0,1,1,0,1,0,0,1,0,1,0,1,0,0, 
223, DA92,1,1,0,1,1,0,1,0,1,0,0,1,0,0,1,0, 
224, DA80,1,1,0,1,1,0,1,0,1,0,0,0,0,0,0,0, 
225, DA6F,1,1,0,1,1,0,1,0,0,1,1,0,1,1,1,1, 
226, DA85,1,1,0,1,1,0,1,0,1,0,0,0,0,1,0,1, 
227, DA81,1,1,0,1,1,0,1,0,1,0,0,0,0,0,0,1, 
228, DA78,1,1,0,1,1,0,1,0,0,1,1,1,1,0,0,0, 
229, DA8C,1,1,0,1,1,0,1,0,1,0,0,0,1,1,0,0, 
230, DA5F,1,1,0,1,1,0,1,0,0,1,0,1,1,1,1,1, 
231, DA9C,1,1,0,1,1,0,1,0,1,0,0,1,1,1,0,0, 
232, DA6A,1,1,0,1,1,0,1,0,0,1,1,0,1,0,1,0, 
233, DA88,1,1,0,1,1,0,1,0,1,0,0,0,1,0,0,0, 
234, DA78,1,1,0,1,1,0,1,0,0,1,1,1,1,0,0,0, 
235, DA8C,1,1,0,1,1,0,1,0,1,0,0,0,1,1,0,0, 
236, DA70,1,1,0,1,1,0,1,0,0,1,1,1,0,0,0,0, 
237, DA8D,1,1,0,1,1,0,1,0,1,0,0,0,1,1,0,1, 
238, DA69,1,1,0,1,1,0,1,0,0,1,1,0,1,0,0,1, 
239, DA84,1,1,0,1,1,0,1,0,1,0,0,0,0,1,0,0, 
240, DA81,1,1,0,1,1,0,1,0,1,0,0,0,0,0,0,1, 
241, DA86,1,1,0,1,1,0,1,0,1,0,0,0,0,1,1,0, 
242, DA70,1,1,0,1,1,0,1,0,0,1,1,1,0,0,0,0, 
243, DA81,1,1,0,1,1,0,1,0,1,0,0,0,0,0,0,1, 
244, DA7C,1,1,0,1,1,0,1,0,0,1,1,1,1,1,0,0, 
245, DA7A,1,1,0,1,1,0,1,0,0,1,1,1,1,0,1,0, 
246, DA8A,1,1,0,1,1,0,1,0,1,0,0,0,1,0,1,0, 
247, DA69,1,1,0,1,1,0,1,0,0,1,1,0,1,0,0,1, 
248, DA97,1,1,0,1,1,0,1,0,1,0,0,1,0,1,1,1, 
249, DA6B,1,1,0,1,1,0,1,0,0,1,1,0,1,0,1,1, 
250, DA86,1,1,0,1,1,0,1,0,1,0,0,0,0,1,1,0, 
251, DA76,1,1,0,1,1,0,1,0,0,1,1,1,0,1,1,0, 
252, DA8C,1,1,0,1,1,0,1,0,1,0,0,0,1,1,0,0, 
253, DA72,1,1,0,1,1,0,1,0,0,1,1,1,0,0,1,0, 
254, DA7E,1,1,0,1,1,0,1,0,0,1,1,1,1,1,1,0, 
255, DA7D,1,1,0,1,1,0,1,0,0,1,1,1,1,1,0,1, 
256, DA81,1,1,0,1,1,0,1,0,1,0,0,0,0,0,0,1, 
257, DA7B,1,1,0,1,1,0,1,0,0,1,1,1,1,0,1,1, 
258, DA7B,1,1,0,1,1,0,1,0,0,1,1,1,1,0,1,1, 
259, DA7F,1,1,0,1,1,0,1,0,0,1,1,1,1,1,1,1, 
260, DA77,1,1,0,1,1,0,1,0,0,1,1,1,0,1,1,1, 
261, DA81,1,1,0,1,1,0,1,0,1,0,0,0,0,0,0,1, 
262, DA77,1,1,0,1,1,0,1,0,0,1,1,1,0,1,1,1, 
263, DA7B,1,1,0,1,1,0,1,0,0,1,1,1,1,0,1,1, 
264, DA84,1,1,0,1,1,0,1,0,1,0,0,0,0,1,0,0, 
265, DA76,1,1,0,1,1,0,1,0,0,1,1,1,0,1,1,0, 
266, DA83,1,1,0,1,1,0,1,0,1,0,0,0,0,0,1,1, 
267, DA72,1,1,0,1,1,0,1,0,0,1,1,1,0,0,1,0, 
268, DA80,1,1,0,1,1,0,1,0,1,0,0,0,0,0,0,0, 
269, DA84,1,1,0,1,1,0,1,0,1,0,0,0,0,1,0,0, 
270, DA6B,1,1,0,1,1,0,1,0,0,1,1,0,1,0,1,1, 
271, DA8D,1,1,0,1,1,0,1,0,1,0,0,0,1,1,0,1, 
272, DA71,1,1,0,1,1,0,1,0,0,1,1,1,0,0,0,1, 
273, DA7F,1,1,0,1,1,0,1,0,0,1,1,1,1,1,1,1, 
274, DA86,1,1,0,1,1,0,1,0,1,0,0,0,0,1,1,0, 
275, DA71,1,1,0,1,1,0,1,0,0,1,1,1,0,0,0,1, 
276, DA80,1,1,0,1,1,0,1,0,1,0,0,0,0,0,0,0, 
277, DA77,1,1,0,1,1,0,1,0,0,1,1,1,0,1,1,1, 
278, DA8D,1,1,0,1,1,0,1,0,1,0,0,0,1,1,0,1, 
279, DA5F,1,1,0,1,1,0,1,0,0,1,0,1,1,1,1,1, 
280, DA95,1,1,0,1,1,0,1,0,1,0,0,1,0,1,0,1, 
281, DA7A,1,1,0,1,1,0,1,0,0,1,1,1,1,0,1,0, 
282, DA73,1,1,0,1,1,0,1,0,0,1,1,1,0,0,1,1, 
283, DA95,1,1,0,1,1,0,1,0,1,0,0,1,0,1,0,1, 
284, DA5F,1,1,0,1,1,0,1,0,0,1,0,1,1,1,1,1, 
285, DA8E,1,1,0,1,1,0,1,0,1,0,0,0,1,1,1,0, 
286, DA80,1,1,0,1,1,0,1,0,1,0,0,0,0,0,0,0, 
287, DA72,1,1,0,1,1,0,1,0,0,1,1,1,0,0,1,0, 
288, DA83,1,1,0,1,1,0,1,0,1,0,0,0,0,0,1,1, 
289, DA7D,1,1,0,1,1,0,1,0,0,1,1,1,1,1,0,1, 
290, DA76,1,1,0,1,1,0,1,0,0,1,1,1,0,1,1,0, 
291, DA83,1,1,0,1,1,0,1,0,1,0,0,0,0,0,1,1, 
292, DA70,1,1,0,1,1,0,1,0,0,1,1,1,0,0,0,0, 
293, DA8C,1,1,0,1,1,0,1,0,1,0,0,0,1,1,0,0, 
294, DA76,1,1,0,1,1,0,1,0,0,1,1,1,0,1,1,0, 
295, DA78,1,1,0,1,1,0,1,0,0,1,1,1,1,0,0,0, 
296, DA8A,1,1,0,1,1,0,1,0,1,0,0,0,1,0,1,0, 
297, DA6D,1,1,0,1,1,0,1,0,0,1,1,0,1,1,0,1, 
298, DA8B,1,1,0,1,1,0,1,0,1,0,0,0,1,0,1,1, 
299, DA70,1,1,0,1,1,0,1,0,0,1,1,1,0,0,0,0, 
300, DA8B,1,1,0,1,1,0,1,0,1,0,0,0,1,0,1,1, 
301, DA77,1,1,0,1,1,0,1,0,0,1,1,1,0,1,1,1, 
302, DA7C,1,1,0,1,1,0,1,0,0,1,1,1,1,1,0,0, 
303, DA78,1,1,0,1,1,0,1,0,0,1,1,1,1,0,0,0, 
304, DA7F,1,1,0,1,1,0,1,0,0,1,1,1,1,1,1,1, 
305, DA7D,1,1,0,1,1,0,1,0,0,1,1,1,1,1,0,1, 
306, DA76,1,1,0,1,1,0,1,0,0,1,1,1,0,1,1,0, 
307, DA81,1,1,0,1,1,0,1,0,1,0,0,0,0,0,0,1, 
308, DA7B,1,1,0,1,1,0,1,0,0,1,1,1,1,0,1,1, 
309, DA77,1,1,0,1,1,0,1,0,0,1,1,1,0,1,1,1, 
310, DA7E,1,1,0,1,1,0,1,0,0,1,1,1,1,1,1,0, 
311, DA84,1,1,0,1,1,0,1,0,1,0,0,0,0,1,0,0, 
312, DA6C,1,1,0,1,1,0,1,0,0,1,1,0,1,1,0,0, 
313, DA8C,1,1,0,1,1,0,1,0,1,0,0,0,1,1,0,0, 
314, DA6B,1,1,0,1,1,0,1,0,0,1,1,0,1,0,1,1, 
315, DA88,1,1,0,1,1,0,1,0,1,0,0,0,1,0,0,0, 
316, DA7B,1,1,0,1,1,0,1,0,0,1,1,1,1,0,1,1, 
317, DA79,1,1,0,1,1,0,1,0,0,1,1,1,1,0,0,1, 
318, DA74,1,1,0,1,1,0,1,0,0,1,1,1,0,1,0,0, 
319, DA86,1,1,0,1,1,0,1,0,1,0,0,0,0,1,1,0, 
320, DA72,1,1,0,1,1,0,1,0,0,1,1,1,0,0,1,0, 
321, DA7D,1,1,0,1,1,0,1,0,0,1,1,1,1,1,0,1, 
322, DA79,1,1,0,1,1,0,1,0,0,1,1,1,1,0,0,1, 
323, DA86,1,1,0,1,1,0,1,0,1,0,0,0,0,1,1,0, 
324, DA7A,1,1,0,1,1,0,1,0,0,1,1,1,1,0,1,0, 
325, DA72,1,1,0,1,1,0,1,0,0,1,1,1,0,0,1,0, 
326, DA82,1,1,0,1,1,0,1,0,1,0,0,0,0,0,1,0, 
327, DA7A,1,1,0,1,1,0,1,0,0,1,1,1,1,0,1,0, 
328, DA75,1,1,0,1,1,0,1,0,0,1,1,1,0,1,0,1, 
329, DA92,1,1,0,1,1,0,1,0,1,0,0,1,0,0,1,0, 
330, DA68,1,1,0,1,1,0,1,0,0,1,1,0,1,0,0,0, 
331, DA7E,1,1,0,1,1,0,1,0,0,1,1,1,1,1,1,0, 
332, DA8A,1,1,0,1,1,0,1,0,1,0,0,0,1,0,1,0, 
333, DA62,1,1,0,1,1,0,1,0,0,1,1,0,0,0,1,0, 
334, DA99,1,1,0,1,1,0,1,0,1,0,0,1,1,0,0,1, 
335, DA5B,1,1,0,1,1,0,1,0,0,1,0,1,1,0,1,1, 
336, DA96,1,1,0,1,1,0,1,0,1,0,0,1,0,1,1,0, 
337, DA64,1,1,0,1,1,0,1,0,0,1,1,0,0,1,0,0, 
338, DA8D,1,1,0,1,1,0,1,0,1,0,0,0,1,1,0,1, 
339, DA74,1,1,0,1,1,0,1,0,0,1,1,1,0,1,0,0, 
340, DA7E,1,1,0,1,1,0,1,0,0,1,1,1,1,1,1,0, 
341, DA79,1,1,0,1,1,0,1,0,0,1,1,1,1,0,0,1, 
342, DA78,1,1,0,1,1,0,1,0,0,1,1,1,1,0,0,0, 
343, DA86,1,1,0,1,1,0,1,0,1,0,0,0,0,1,1,0, 
344, DA73,1,1,0,1,1,0,1,0,0,1,1,1,0,0,1,1, 
345, DA83,1,1,0,1,1,0,1,0,1,0,0,0,0,0,1,1, 
346, DA6C,1,1,0,1,1,0,1,0,0,1,1,0,1,1,0,0, 
347, DA94,1,1,0,1,1,0,1,0,1,0,0,1,0,1,0,0, 
348, DA5D,1,1,0,1,1,0,1,0,0,1,0,1,1,1,0,1, 
349, DAA1,1,1,0,1,1,0,1,0,1,0,1,0,0,0,0,1, 
350, DA57,1,1,0,1,1,0,1,0,0,1,0,1,0,1,1,1, 
351, DA90,1,1,0,1,1,0,1,0,1,0,0,1,0,0,0,0, 
352, DA79,1,1,0,1,1,0,1,0,0,1,1,1,1,0,0,1, 
353, DA72,1,1,0,1,1,0,1,0,0,1,1,1,0,0,1,0, 
354, DA8B,1,1,0,1,1,0,1,0,1,0,0,0,1,0,1,1, 
355, DA73,1,1,0,1,1,0,1,0,0,1,1,1,0,0,1,1, 
356, DA85,1,1,0,1,1,0,1,0,1,0,0,0,0,1,0,1, 
357, DA6B,1,1,0,1,1,0,1,0,0,1,1,0,1,0,1,1, 
358, DA92,1,1,0,1,1,0,1,0,1,0,0,1,0,0,1,0, 
359, DA70,1,1,0,1,1,0,1,0,0,1,1,1,0,0,0,0, 
360, DA78,1,1,0,1,1,0,1,0,0,1,1,1,1,0,0,0, 
361, DA86,1,1,0,1,1,0,1,0,1,0,0,0,0,1,1,0, 
362, DA80,1,1,0,1,1,0,1,0,1,0,0,0,0,0,0,0, 
363, DA64,1,1,0,1,1,0,1,0,0,1,1,0,0,1,0,0, 
364, DA9D,1,1,0,1,1,0,1,0,1,0,0,1,1,1,0,1, 
365, DA5B,1,1,0,1,1,0,1,0,0,1,0,1,1,0,1,1, 
366, DA8F,1,1,0,1,1,0,1,0,1,0,0,0,1,1,1,1, 
367, DA7C,1,1,0,1,1,0,1,0,0,1,1,1,1,1,0,0, 
368, DA7C,1,1,0,1,1,0,1,0,0,1,1,1,1,1,0,0, 
369, DA74,1,1,0,1,1,0,1,0,0,1,1,1,0,1,0,0, 
370, DA83,1,1,0,1,1,0,1,0,1,0,0,0,0,0,1,1, 
371, DA7D,1,1,0,1,1,0,1,0,0,1,1,1,1,1,0,1, 
372, DA84,1,1,0,1,1,0,1,0,1,0,0,0,0,1,0,0, 
373, DA66,1,1,0,1,1,0,1,0,0,1,1,0,0,1,1,0, 
374, DA91,1,1,0,1,1,0,1,0,1,0,0,1,0,0,0,1, 
375, DA7C,1,1,0,1,1,0,1,0,0,1,1,1,1,1,0,0, 
376, DA6E,1,1,0,1,1,0,1,0,0,1,1,0,1,1,1,0, 
377, DA86,1,1,0,1,1,0,1,0,1,0,0,0,0,1,1,0, 
378, DA7E,1,1,0,1,1,0,1,0,0,1,1,1,1,1,1,0, 
379, DA73,1,1,0,1,1,0,1,0,0,1,1,1,0,0,1,1, 
380, DA88,1,1,0,1,1,0,1,0,1,0,0,0,1,0,0,0, 
381, DA7E,1,1,0,1,1,0,1,0,0,1,1,1,1,1,1,0, 
382, DA6A,1,1,0,1,1,0,1,0,0,1,1,0,1,0,1,0, 
383, DA9D,1,1,0,1,1,0,1,0,1,0,0,1,1,1,0,1, 
384, DA54,1,1,0,1,1,0,1,0,0,1,0,1,0,1,0,0, 
385, DA96,1,1,0,1,1,0,1,0,1,0,0,1,0,1,1,0, 
386, DA7E,1,1,0,1,1,0,1,0,0,1,1,1,1,1,1,0, 
387, DA6B,1,1,0,1,1,0,1,0,0,1,1,0,1,0,1,1, 
388, DA7F,1,1,0,1,1,0,1,0,0,1,1,1,1,1,1,1, 
389, DA84,1,1,0,1,1,0,1,0,1,0,0,0,0,1,0,0, 
390, DA78,1,1,0,1,1,0,1,0,0,1,1,1,1,0,0,0, 
391, DA70,1,1,0,1,1,0,1,0,0,1,1,1,0,0,0,0, 
392, DA8A,1,1,0,1,1,0,1,0,1,0,0,0,1,0,1,0, 
393, DA79,1,1,0,1,1,0,1,0,0,1,1,1,1,0,0,1, 
394, DA76,1,1,0,1,1,0,1,0,0,1,1,1,0,1,1,0, 
395, DA84,1,1,0,1,1,0,1,0,1,0,0,0,0,1,0,0, 
396, DA78,1,1,0,1,1,0,1,0,0,1,1,1,1,0,0,0, 
397, DA85,1,1,0,1,1,0,1,0,1,0,0,0,0,1,0,1, 
398, DA64,1,1,0,1,1,0,1,0,0,1,1,0,0,1,0,0, 
399, DA8D,1,1,0,1,1,0,1,0,1,0,0,0,1,1,0,1, 
400, DA75,1,1,0,1,1,0,1,0,0,1,1,1,0,1,0,1, 
401, DA78,1,1,0,1,1,0,1,0,0,1,1,1,1,0,0,0, 
402, DA7B,1,1,0,1,1,0,1,0,0,1,1,1,1,0,1,1, 
403, DA80,1,1,0,1,1,0,1,0,1,0,0,0,0,0,0,0, 
404, DA73,1,1,0,1,1,0,1,0,0,1,1,1,0,0,1,1, 
405, DA80,1,1,0,1,1,0,1,0,1,0,0,0,0,0,0,0, 
406, DA7D,1,1,0,1,1,0,1,0,0,1,1,1,1,1,0,1, 
407, DA7D,1,1,0,1,1,0,1,0,0,1,1,1,1,1,0,1, 
408, DA6F,1,1,0,1,1,0,1,0,0,1,1,0,1,1,1,1, 
409, DA8C,1,1,0,1,1,0,1,0,1,0,0,0,1,1,0,0, 
410, DA68,1,1,0,1,1,0,1,0,0,1,1,0,1,0,0,0, 
411, DA88,1,1,0,1,1,0,1,0,1,0,0,0,1,0,0,0, 
412, DA6F,1,1,0,1,1,0,1,0,0,1,1,0,1,1,1,1, 
413, DA8D,1,1,0,1,1,0,1,0,1,0,0,0,1,1,0,1, 
414, DA64,1,1,0,1,1,0,1,0,0,1,1,0,0,1,0,0, 
415, DA85,1,1,0,1,1,0,1,0,1,0,0,0,0,1,0,1, 
416, DA80,1,1,0,1,1,0,1,0,1,0,0,0,0,0,0,0, 
417, DA68,1,1,0,1,1,0,1,0,0,1,1,0,1,0,0,0, 
418, DA91,1,1,0,1,1,0,1,0,1,0,0,1,0,0,0,1, 
419, DA73,1,1,0,1,1,0,1,0,0,1,1,1,0,0,1,1, 
420, DA7A,1,1,0,1,1,0,1,0,0,1,1,1,1,0,1,0, 
421, DA71,1,1,0,1,1,0,1,0,0,1,1,1,0,0,0,1, 
422, DA91,1,1,0,1,1,0,1,0,1,0,0,1,0,0,0,1, 
423, DA61,1,1,0,1,1,0,1,0,0,1,1,0,0,0,0,1, 
424, DA8B,1,1,0,1,1,0,1,0,1,0,0,0,1,0,1,1, 
425, DA7A,1,1,0,1,1,0,1,0,0,1,1,1,1,0,1,0, 
426, DA6F,1,1,0,1,1,0,1,0,0,1,1,0,1,1,1,1, 
427, DA91,1,1,0,1,1,0,1,0,1,0,0,1,0,0,0,1, 
428, DA5E,1,1,0,1,1,0,1,0,0,1,0,1,1,1,1,0, 
429, DA94,1,1,0,1,1,0,1,0,1,0,0,1,0,1,0,0, 
430, DA63,1,1,0,1,1,0,1,0,0,1,1,0,0,0,1,1, 
431, DA90,1,1,0,1,1,0,1,0,1,0,0,1,0,0,0,0, 
432, DA6A,1,1,0,1,1,0,1,0,0,1,1,0,1,0,1,0, 
433, DA87,1,1,0,1,1,0,1,0,1,0,0,0,0,1,1,1, 
434, DA71,1,1,0,1,1,0,1,0,0,1,1,1,0,0,0,1, 
435, DA7F,1,1,0,1,1,0,1,0,0,1,1,1,1,1,1,1, 
436, DA71,1,1,0,1,1,0,1,0,0,1,1,1,0,0,0,1, 
437, DA8D,1,1,0,1,1,0,1,0,1,0,0,0,1,1,0,1, 
438, DA5C,1,1,0,1,1,0,1,0,0,1,0,1,1,1,0,0, 
439, DA91,1,1,0,1,1,0,1,0,1,0,0,1,0,0,0,1, 
440, DA70,1,1,0,1,1,0,1,0,0,1,1,1,0,0,0,0, 
441, DA79,1,1,0,1,1,0,1,0,0,1,1,1,1,0,0,1, 
442, DA72,1,1,0,1,1,0,1,0,0,1,1,1,0,0,1,0, 
443, DA81,1,1,0,1,1,0,1,0,1,0,0,0,0,0,0,1, 
444, DA72,1,1,0,1,1,0,1,0,0,1,1,1,0,0,1,0, 
445, DA7C,1,1,0,1,1,0,1,0,0,1,1,1,1,1,0,0, 
446, DA7A,1,1,0,1,1,0,1,0,0,1,1,1,1,0,1,0, 
447, DA7D,1,1,0,1,1,0,1,0,0,1,1,1,1,1,0,1, 
448, DA72,1,1,0,1,1,0,1,0,0,1,1,1,0,0,1,0, 
449, DA7B,1,1,0,1,1,0,1,0,0,1,1,1,1,0,1,1, 
450, DA7F,1,1,0,1,1,0,1,0,0,1,1,1,1,1,1,1, 
451, DA6E,1,1,0,1,1,0,1,0,0,1,1,0,1,1,1,0, 
452, DA85,1,1,0,1,1,0,1,0,1,0,0,0,0,1,0,1, 
453, DA6D,1,1,0,1,1,0,1,0,0,1,1,0,1,1,0,1, 
454, DA79,1,1,0,1,1,0,1,0,0,1,1,1,1,0,0,1, 
455, DA80,1,1,0,1,1,0,1,0,1,0,0,0,0,0,0,0, 
456, DA66,1,1,0,1,1,0,1,0,0,1,1,0,0,1,1,0, 
457, DA80,1,1,0,1,1,0,1,0,1,0,0,0,0,0,0,0, 
458, DA78,1,1,0,1,1,0,1,0,0,1,1,1,1,0,0,0, 
459, DA78,1,1,0,1,1,0,1,0,0,1,1,1,1,0,0,0, 
460, DA74,1,1,0,1,1,0,1,0,0,1,1,1,0,1,0,0, 
461, DA82,1,1,0,1,1,0,1,0,1,0,0,0,0,0,1,0, 
462, DA6A,1,1,0,1,1,0,1,0,0,1,1,0,1,0,1,0, 
463, DA88,1,1,0,1,1,0,1,0,1,0,0,0,1,0,0,0, 
464, DA74,1,1,0,1,1,0,1,0,0,1,1,1,0,1,0,0, 
465, DA6D,1,1,0,1,1,0,1,0,0,1,1,0,1,1,0,1, 
466, DA88,1,1,0,1,1,0,1,0,1,0,0,0,1,0,0,0, 
467, DA72,1,1,0,1,1,0,1,0,0,1,1,1,0,0,1,0, 
468, DA76,1,1,0,1,1,0,1,0,0,1,1,1,0,1,1,0, 
469, DA78,1,1,0,1,1,0,1,0,0,1,1,1,1,0,0,0, 
470, DA73,1,1,0,1,1,0,1,0,0,1,1,1,0,0,1,1, 
471, DA77,1,1,0,1,1,0,1,0,0,1,1,1,0,1,1,1, 
472, DA84,1,1,0,1,1,0,1,0,1,0,0,0,0,1,0,0, 
473, DA5F,1,1,0,1,1,0,1,0,0,1,0,1,1,1,1,1, 
474, DA98,1,1,0,1,1,0,1,0,1,0,0,1,1,0,0,0, 
475, DA5F,1,1,0,1,1,0,1,0,0,1,0,1,1,1,1,1, 
476, DA81,1,1,0,1,1,0,1,0,1,0,0,0,0,0,0,1, 
477, DA8C,1,1,0,1,1,0,1,0,1,0,0,0,1,1,0,0, 
478, DA5A,1,1,0,1,1,0,1,0,0,1,0,1,1,0,1,0, 
479, DA9A,1,1,0,1,1,0,1,0,1,0,0,1,1,0,1,0, 
480, DA5D,1,1,0,1,1,0,1,0,0,1,0,1,1,1,0,1, 
481, DA87,1,1,0,1,1,0,1,0,1,0,0,0,0,1,1,1, 
482, DA69,1,1,0,1,1,0,1,0,0,1,1,0,1,0,0,1, 
483, DA8E,1,1,0,1,1,0,1,0,1,0,0,0,1,1,1,0, 
484, DA56,1,1,0,1,1,0,1,0,0,1,0,1,0,1,1,0, 
485, DA94,1,1,0,1,1,0,1,0,1,0,0,1,0,1,0,0, 
486, DA6F,1,1,0,1,1,0,1,0,0,1,1,0,1,1,1,1, 
487, DA7B,1,1,0,1,1,0,1,0,0,1,1,1,1,0,1,1, 
488, DA77,1,1,0,1,1,0,1,0,0,1,1,1,0,1,1,1, 
489, DA80,1,1,0,1,1,0,1,0,1,0,0,0,0,0,0,0, 
490, DA6A,1,1,0,1,1,0,1,0,0,1,1,0,1,0,1,0, 
491, DA88,1,1,0,1,1,0,1,0,1,0,0,0,1,0,0,0, 
492, DA6B,1,1,0,1,1,0,1,0,0,1,1,0,1,0,1,1, 
493, DA82,1,1,0,1,1,0,1,0,1,0,0,0,0,0,1,0, 
494, DA76,1,1,0,1,1,0,1,0,0,1,1,1,0,1,1,0, 
495, DA78,1,1,0,1,1,0,1,0,0,1,1,1,1,0,0,0, 
496, DA71,1,1,0,1,1,0,1,0,0,1,1,1,0,0,0,1, 
497, DA80,1,1,0,1,1,0,1,0,1,0,0,0,0,0,0,0, 
498, DA71,1,1,0,1,1,0,1,0,0,1,1,1,0,0,0,1, 
499, DA7D,1,1,0,1,1,0,1,0,0,1,1,1,1,1,0,1, 
500, DA7A,1,1,0,1,1,0,1,0,0,1,1,1,1,0,1,0, 
501, DA75,1,1,0,1,1,0,1,0,0,1,1,1,0,1,0,1, 
502, DA82,1,1,0,1,1,0,1,0,1,0,0,0,0,0,1,0, 
503, DA6A,1,1,0,1,1,0,1,0,0,1,1,0,1,0,1,0, 
504, DA87,1,1,0,1,1,0,1,0,1,0,0,0,0,1,1,1, 
505, DA73,1,1,0,1,1,0,1,0,0,1,1,1,0,0,1,1, 
506, DA71,1,1,0,1,1,0,1,0,0,1,1,1,0,0,0,1, 
507, DA82,1,1,0,1,1,0,1,0,1,0,0,0,0,0,1,0, 
508, DA79,1,1,0,1,1,0,1,0,0,1,1,1,1,0,0,1, 
509, DA71,1,1,0,1,1,0,1,0,0,1,1,1,0,0,0,1, 
510, DA83,1,1,0,1,1,0,1,0,1,0,0,0,0,0,1,1, 
511, DA70,1,1,0,1,1,0,1,0,0,1,1,1,0,0,0,0, 
512, DA76,1,1,0,1,1,0,1,0,0,1,1,1,0,1,1,0, 
513, DA8F,1,1,0,1,1,0,1,0,1,0,0,0,1,1,1,1, 
514, DA61,1,1,0,1,1,0,1,0,0,1,1,0,0,0,0,1, 
515, DA83,1,1,0,1,1,0,1,0,1,0,0,0,0,0,1,1, 
516, DA7B,1,1,0,1,1,0,1,0,0,1,1,1,1,0,1,1, 
517, DA6E,1,1,0,1,1,0,1,0,0,1,1,0,1,1,1,0, 
518, DA85,1,1,0,1,1,0,1,0,1,0,0,0,0,1,0,1, 
519, DA6B,1,1,0,1,1,0,1,0,0,1,1,0,1,0,1,1, 
520, DA98,1,1,0,1,1,0,1,0,1,0,0,1,1,0,0,0, 
521, DA53,1,1,0,1,1,0,1,0,0,1,0,1,0,0,1,1, 
522, DA95,1,1,0,1,1,0,1,0,1,0,0,1,0,1,0,1, 
523, DA60,1,1,0,1,1,0,1,0,0,1,1,0,0,0,0,0, 
524, DA91,1,1,0,1,1,0,1,0,1,0,0,1,0,0,0,1, 
525, DA67,1,1,0,1,1,0,1,0,0,1,1,0,0,1,1,1, 
526, DA7D,1,1,0,1,1,0,1,0,0,1,1,1,1,1,0,1, 
527, DA7F,1,1,0,1,1,0,1,0,0,1,1,1,1,1,1,1, 
528, DA73,1,1,0,1,1,0,1,0,0,1,1,1,0,0,1,1, 
529, DA71,1,1,0,1,1,0,1,0,0,1,1,1,0,0,0,1, 
530, DA8D,1,1,0,1,1,0,1,0,1,0,0,0,1,1,0,1, 
531, DA5F,1,1,0,1,1,0,1,0,0,1,0,1,1,1,1,1, 
532, DA82,1,1,0,1,1,0,1,0,1,0,0,0,0,0,1,0, 
533, DA85,1,1,0,1,1,0,1,0,1,0,0,0,0,1,0,1, 
534, DA70,1,1,0,1,1,0,1,0,0,1,1,1,0,0,0,0, 
535, DA73,1,1,0,1,1,0,1,0,0,1,1,1,0,0,1,1, 
536, DA86,1,1,0,1,1,0,1,0,1,0,0,0,0,1,1,0, 
537, DA70,1,1,0,1,1,0,1,0,0,1,1,1,0,0,0,0, 
538, DA7D,1,1,0,1,1,0,1,0,0,1,1,1,1,1,0,1, 
539, DA69,1,1,0,1,1,0,1,0,0,1,1,0,1,0,0,1, 
540, DA9A,1,1,0,1,1,0,1,0,1,0,0,1,1,0,1,0, 
541, DA68,1,1,0,1,1,0,1,0,0,1,1,0,1,0,0,0, 
542, DA78,1,1,0,1,1,0,1,0,0,1,1,1,1,0,0,0, 
543, DA84,1,1,0,1,1,0,1,0,1,0,0,0,0,1,0,0, 
544, DA6C,1,1,0,1,1,0,1,0,0,1,1,0,1,1,0,0, 
545, DA83,1,1,0,1,1,0,1,0,1,0,0,0,0,0,1,1, 
546, DA74,1,1,0,1,1,0,1,0,0,1,1,1,0,1,0,0, 
547, DA88,1,1,0,1,1,0,1,0,1,0,0,0,1,0,0,0, 
548, DA71,1,1,0,1,1,0,1,0,0,1,1,1,0,0,0,1, 
549, DA7C,1,1,0,1,1,0,1,0,0,1,1,1,1,1,0,0, 
550, DA8B,1,1,0,1,1,0,1,0,1,0,0,0,1,0,1,1, 
551, DA64,1,1,0,1,1,0,1,0,0,1,1,0,0,1,0,0, 
552, DA86,1,1,0,1,1,0,1,0,1,0,0,0,0,1,1,0, 
553, DA7D,1,1,0,1,1,0,1,0,0,1,1,1,1,1,0,1, 
554, DA79,1,1,0,1,1,0,1,0,0,1,1,1,1,0,0,1, 
555, DA87,1,1,0,1,1,0,1,0,1,0,0,0,0,1,1,1, 
556, DA5C,1,1,0,1,1,0,1,0,0,1,0,1,1,1,0,0, 
557, DA9A,1,1,0,1,1,0,1,0,1,0,0,1,1,0,1,0, 
558, DA6F,1,1,0,1,1,0,1,0,0,1,1,0,1,1,1,1, 
559, DA78,1,1,0,1,1,0,1,0,0,1,1,1,1,0,0,0, 
560, DA7B,1,1,0,1,1,0,1,0,0,1,1,1,1,0,1,1, 
561, DA7F,1,1,0,1,1,0,1,0,0,1,1,1,1,1,1,1, 
562, DA7F,1,1,0,1,1,0,1,0,0,1,1,1,1,1,1,1, 
563, DA73,1,1,0,1,1,0,1,0,0,1,1,1,0,0,1,1, 
564, DA7D,1,1,0,1,1,0,1,0,0,1,1,1,1,1,0,1, 
565, DA78,1,1,0,1,1,0,1,0,0,1,1,1,1,0,0,0, 
566, DA76,1,1,0,1,1,0,1,0,0,1,1,1,0,1,1,0, 
567, DA79,1,1,0,1,1,0,1,0,0,1,1,1,1,0,0,1, 
568, DA7C,1,1,0,1,1,0,1,0,0,1,1,1,1,1,0,0, 
569, DA82,1,1,0,1,1,0,1,0,1,0,0,0,0,0,1,0, 
570, DA76,1,1,0,1,1,0,1,0,0,1,1,1,0,1,1,0, 
571, DA77,1,1,0,1,1,0,1,0,0,1,1,1,0,1,1,1, 
572, DA7B,1,1,0,1,1,0,1,0,0,1,1,1,1,0,1,1, 
573, DA6C,1,1,0,1,1,0,1,0,0,1,1,0,1,1,0,0, 
574, DA8B,1,1,0,1,1,0,1,0,1,0,0,0,1,0,1,1, 
575, DA68,1,1,0,1,1,0,1,0,0,1,1,0,1,0,0,0, 
576, DA83,1,1,0,1,1,0,1,0,1,0,0,0,0,0,1,1, 
577, DA7F,1,1,0,1,1,0,1,0,0,1,1,1,1,1,1,1, 
578, DA6A,1,1,0,1,1,0,1,0,0,1,1,0,1,0,1,0, 
579, DA80,1,1,0,1,1,0,1,0,1,0,0,0,0,0,0,0, 
580, DA75,1,1,0,1,1,0,1,0,0,1,1,1,0,1,0,1, 
581, DA78,1,1,0,1,1,0,1,0,0,1,1,1,1,0,0,0, 
582, DA81,1,1,0,1,1,0,1,0,1,0,0,0,0,0,0,1, 
583, DA6A,1,1,0,1,1,0,1,0,0,1,1,0,1,0,1,0, 
584, DA82,1,1,0,1,1,0,1,0,1,0,0,0,0,0,1,0, 
585, DA76,1,1,0,1,1,0,1,0,0,1,1,1,0,1,1,0, 
586, DA72,1,1,0,1,1,0,1,0,0,1,1,1,0,0,1,0, 
587, DA70,1,1,0,1,1,0,1,0,0,1,1,1,0,0,0,0, 
588, DA8A,1,1,0,1,1,0,1,0,1,0,0,0,1,0,1,0, 
589, DA64,1,1,0,1,1,0,1,0,0,1,1,0,0,1,0,0, 
590, DA87,1,1,0,1,1,0,1,0,1,0,0,0,0,1,1,1, 
591, DA73,1,1,0,1,1,0,1,0,0,1,1,1,0,0,1,1, 
592, DA7C,1,1,0,1,1,0,1,0,0,1,1,1,1,1,0,0, 
593, DA69,1,1,0,1,1,0,1,0,0,1,1,0,1,0,0,1, 
594, DA82,1,1,0,1,1,0,1,0,1,0,0,0,0,0,1,0, 
595, DA63,1,1,0,1,1,0,1,0,0,1,1,0,0,0,1,1, 
596, DA91,1,1,0,1,1,0,1,0,1,0,0,1,0,0,0,1, 
597, DA63,1,1,0,1,1,0,1,0,0,1,1,0,0,0,1,1, 
598, DA90,1,1,0,1,1,0,1,0,1,0,0,1,0,0,0,0, 
599, DA4D,1,1,0,1,1,0,1,0,0,1,0,0,1,1,0,1, 
600, DAA0,1,1,0,1,1,0,1,0,1,0,1,0,0,0,0,0, 
601, DA54,1,1,0,1,1,0,1,0,0,1,0,1,0,1,0,0, 
602, DA84,1,1,0,1,1,0,1,0,1,0,0,0,0,1,0,0, 
603, DA79,1,1,0,1,1,0,1,0,0,1,1,1,1,0,0,1, 
604, DA79,1,1,0,1,1,0,1,0,0,1,1,1,1,0,0,1, 
605, DA6F,1,1,0,1,1,0,1,0,0,1,1,0,1,1,1,1, 
606, DA76,1,1,0,1,1,0,1,0,0,1,1,1,0,1,1,0, 
607, DA76,1,1,0,1,1,0,1,0,0,1,1,1,0,1,1,0, 
608, DA79,1,1,0,1,1,0,1,0,0,1,1,1,1,0,0,1, 
609, DA74,1,1,0,1,1,0,1,0,0,1,1,1,0,1,0,0, 
610, DA76,1,1,0,1,1,0,1,0,0,1,1,1,0,1,1,0, 
611, DA71,1,1,0,1,1,0,1,0,0,1,1,1,0,0,0,1, 
612, DA80,1,1,0,1,1,0,1,0,1,0,0,0,0,0,0,0, 
613, DA6C,1,1,0,1,1,0,1,0,0,1,1,0,1,1,0,0, 
614, DA79,1,1,0,1,1,0,1,0,0,1,1,1,1,0,0,1, 
615, DA70,1,1,0,1,1,0,1,0,0,1,1,1,0,0,0,0, 
616, DA78,1,1,0,1,1,0,1,0,0,1,1,1,1,0,0,0, 
617, DA75,1,1,0,1,1,0,1,0,0,1,1,1,0,1,0,1, 
618, DA74,1,1,0,1,1,0,1,0,0,1,1,1,0,1,0,0, 
619, DA7A,1,1,0,1,1,0,1,0,0,1,1,1,1,0,1,0, 
620, DA71,1,1,0,1,1,0,1,0,0,1,1,1,0,0,0,1, 
621, DA70,1,1,0,1,1,0,1,0,0,1,1,1,0,0,0,0, 
622, DA81,1,1,0,1,1,0,1,0,1,0,0,0,0,0,0,1, 
623, DA69,1,1,0,1,1,0,1,0,0,1,1,0,1,0,0,1, 
624, DA86,1,1,0,1,1,0,1,0,1,0,0,0,0,1,1,0, 
625, DA5F,1,1,0,1,1,0,1,0,0,1,0,1,1,1,1,1, 
626, DA8C,1,1,0,1,1,0,1,0,1,0,0,0,1,1,0,0, 
627, DA64,1,1,0,1,1,0,1,0,0,1,1,0,0,1,0,0, 
628, DA7C,1,1,0,1,1,0,1,0,0,1,1,1,1,1,0,0, 
629, DA70,1,1,0,1,1,0,1,0,0,1,1,1,0,0,0,0, 
630, DA78,1,1,0,1,1,0,1,0,0,1,1,1,1,0,0,0, 
631, DA7E,1,1,0,1,1,0,1,0,0,1,1,1,1,1,1,0, 
632, DA6D,1,1,0,1,1,0,1,0,0,1,1,0,1,1,0,1, 
633, DA8A,1,1,0,1,1,0,1,0,1,0,0,0,1,0,1,0, 
634, DA63,1,1,0,1,1,0,1,0,0,1,1,0,0,0,1,1, 
635, DA78,1,1,0,1,1,0,1,0,0,1,1,1,1,0,0,0, 
636, DA80,1,1,0,1,1,0,1,0,1,0,0,0,0,0,0,0, 
637, DA77,1,1,0,1,1,0,1,0,0,1,1,1,0,1,1,1, 
638, DA75,1,1,0,1,1,0,1,0,0,1,1,1,0,1,0,1, 
639, DA71,1,1,0,1,1,0,1,0,0,1,1,1,0,0,0,1, 
640, DA86,1,1,0,1,1,0,1,0,1,0,0,0,0,1,1,0, 
641, DA57,1,1,0,1,1,0,1,0,0,1,0,1,0,1,1,1, 
642, DA99,1,1,0,1,1,0,1,0,1,0,0,1,1,0,0,1, 
643, DA5F,1,1,0,1,1,0,1,0,0,1,0,1,1,1,1,1, 
644, DA85,1,1,0,1,1,0,1,0,1,0,0,0,0,1,0,1, 
645, DA78,1,1,0,1,1,0,1,0,0,1,1,1,1,0,0,0, 
646, DA6D,1,1,0,1,1,0,1,0,0,1,1,0,1,1,0,1, 
647, DA7F,1,1,0,1,1,0,1,0,0,1,1,1,1,1,1,1, 
648, DA77,1,1,0,1,1,0,1,0,0,1,1,1,0,1,1,1, 
649, DA79,1,1,0,1,1,0,1,0,0,1,1,1,1,0,0,1, 
650, DA71,1,1,0,1,1,0,1,0,0,1,1,1,0,0,0,1, 
651, DA88,1,1,0,1,1,0,1,0,1,0,0,0,1,0,0,0, 
652, DA6D,1,1,0,1,1,0,1,0,0,1,1,0,1,1,0,1, 
653, DA70,1,1,0,1,1,0,1,0,0,1,1,1,0,0,0,0, 
654, DA89,1,1,0,1,1,0,1,0,1,0,0,0,1,0,0,1, 
655, DA6A,1,1,0,1,1,0,1,0,0,1,1,0,1,0,1,0, 
656, DA7B,1,1,0,1,1,0,1,0,0,1,1,1,1,0,1,1, 
657, DA72,1,1,0,1,1,0,1,0,0,1,1,1,0,0,1,0, 
658, DA7C,1,1,0,1,1,0,1,0,0,1,1,1,1,1,0,0, 
659, DA75,1,1,0,1,1,0,1,0,0,1,1,1,0,1,0,1, 
660, DA77,1,1,0,1,1,0,1,0,0,1,1,1,0,1,1,1, 
661, DA6F,1,1,0,1,1,0,1,0,0,1,1,0,1,1,1,1, 
662, DA85,1,1,0,1,1,0,1,0,1,0,0,0,0,1,0,1, 
663, DA71,1,1,0,1,1,0,1,0,0,1,1,1,0,0,0,1, 
664, DA75,1,1,0,1,1,0,1,0,0,1,1,1,0,1,0,1, 
665, DA7A,1,1,0,1,1,0,1,0,0,1,1,1,1,0,1,0, 
666, DA78,1,1,0,1,1,0,1,0,0,1,1,1,1,0,0,0, 
667, DA71,1,1,0,1,1,0,1,0,0,1,1,1,0,0,0,1, 
668, DA7F,1,1,0,1,1,0,1,0,0,1,1,1,1,1,1,1, 
669, DA73,1,1,0,1,1,0,1,0,0,1,1,1,0,0,1,1, 
670, DA7E,1,1,0,1,1,0,1,0,0,1,1,1,1,1,1,0, 
671, DA75,1,1,0,1,1,0,1,0,0,1,1,1,0,1,0,1, 
672, DA7B,1,1,0,1,1,0,1,0,0,1,1,1,1,0,1,1, 
673, DA78,1,1,0,1,1,0,1,0,0,1,1,1,1,0,0,0, 
674, DA75,1,1,0,1,1,0,1,0,0,1,1,1,0,1,0,1, 
675, DA84,1,1,0,1,1,0,1,0,1,0,0,0,0,1,0,0, 
676, DA62,1,1,0,1,1,0,1,0,0,1,1,0,0,0,1,0, 
677, DA90,1,1,0,1,1,0,1,0,1,0,0,1,0,0,0,0, 
678, DA73,1,1,0,1,1,0,1,0,0,1,1,1,0,0,1,1, 
679, DA69,1,1,0,1,1,0,1,0,0,1,1,0,1,0,0,1, 
680, DA8F,1,1,0,1,1,0,1,0,1,0,0,0,1,1,1,1, 
681, DA70,1,1,0,1,1,0,1,0,0,1,1,1,0,0,0,0, 
682, DA73,1,1,0,1,1,0,1,0,0,1,1,1,0,0,1,1, 
683, DA7C,1,1,0,1,1,0,1,0,0,1,1,1,1,1,0,0, 
684, DA83,1,1,0,1,1,0,1,0,1,0,0,0,0,0,1,1, 
685, DA75,1,1,0,1,1,0,1,0,0,1,1,1,0,1,0,1, 
686, DA77,1,1,0,1,1,0,1,0,0,1,1,1,0,1,1,1, 
687, DA81,1,1,0,1,1,0,1,0,1,0,0,0,0,0,0,1, 
688, DA78,1,1,0,1,1,0,1,0,0,1,1,1,1,0,0,0, 
689, DA71,1,1,0,1,1,0,1,0,0,1,1,1,0,0,0,1, 
690, DA89,1,1,0,1,1,0,1,0,1,0,0,0,1,0,0,1, 
691, DA5E,1,1,0,1,1,0,1,0,0,1,0,1,1,1,1,0, 
692, DA9E,1,1,0,1,1,0,1,0,1,0,0,1,1,1,1,0, 
693, DA66,1,1,0,1,1,0,1,0,0,1,1,0,0,1,1,0, 
694, DA82,1,1,0,1,1,0,1,0,1,0,0,0,0,0,1,0, 
695, DA76,1,1,0,1,1,0,1,0,0,1,1,1,0,1,1,0, 
696, DA77,1,1,0,1,1,0,1,0,0,1,1,1,0,1,1,1, 
697, DA79,1,1,0,1,1,0,1,0,0,1,1,1,1,0,0,1, 
698, DA85,1,1,0,1,1,0,1,0,1,0,0,0,0,1,0,1, 
699, DA6E,1,1,0,1,1,0,1,0,0,1,1,0,1,1,1,0, 
700, DA8B,1,1,0,1,1,0,1,0,1,0,0,0,1,0,1,1, 
701, DA67,1,1,0,1,1,0,1,0,0,1,1,0,0,1,1,1, 
702, DA91,1,1,0,1,1,0,1,0,1,0,0,1,0,0,0,1, 
703, DA65,1,1,0,1,1,0,1,0,0,1,1,0,0,1,0,1, 
704, DA87,1,1,0,1,1,0,1,0,1,0,0,0,0,1,1,1, 
705, DA79,1,1,0,1,1,0,1,0,0,1,1,1,1,0,0,1, 
706, DA7B,1,1,0,1,1,0,1,0,0,1,1,1,1,0,1,1, 
707, DA75,1,1,0,1,1,0,1,0,0,1,1,1,0,1,0,1, 
708, DA85,1,1,0,1,1,0,1,0,1,0,0,0,0,1,0,1, 
709, DA74,1,1,0,1,1,0,1,0,0,1,1,1,0,1,0,0, 
710, DA82,1,1,0,1,1,0,1,0,1,0,0,0,0,0,1,0, 
711, DA6F,1,1,0,1,1,0,1,0,0,1,1,0,1,1,1,1, 
712, DA88,1,1,0,1,1,0,1,0,1,0,0,0,1,0,0,0, 
713, DA76,1,1,0,1,1,0,1,0,0,1,1,1,0,1,1,0, 
714, DA85,1,1,0,1,1,0,1,0,1,0,0,0,0,1,0,1, 
715, DA73,1,1,0,1,1,0,1,0,0,1,1,1,0,0,1,1, 
716, DA85,1,1,0,1,1,0,1,0,1,0,0,0,0,1,0,1, 
717, DA79,1,1,0,1,1,0,1,0,0,1,1,1,1,0,0,1, 
718, DA7B,1,1,0,1,1,0,1,0,0,1,1,1,1,0,1,1, 
719, DA79,1,1,0,1,1,0,1,0,0,1,1,1,1,0,0,1, 
720, DA8B,1,1,0,1,1,0,1,0,1,0,0,0,1,0,1,1, 
721, DA77,1,1,0,1,1,0,1,0,0,1,1,1,0,1,1,1, 
722, DA78,1,1,0,1,1,0,1,0,0,1,1,1,1,0,0,0, 
723, DA86,1,1,0,1,1,0,1,0,1,0,0,0,0,1,1,0, 
724, DA71,1,1,0,1,1,0,1,0,0,1,1,1,0,0,0,1, 
725, DA84,1,1,0,1,1,0,1,0,1,0,0,0,0,1,0,0, 
726, DA7A,1,1,0,1,1,0,1,0,0,1,1,1,1,0,1,0, 
727, DA82,1,1,0,1,1,0,1,0,1,0,0,0,0,0,1,0, 
728, DA7E,1,1,0,1,1,0,1,0,0,1,1,1,1,1,1,0, 
729, DA7F,1,1,0,1,1,0,1,0,0,1,1,1,1,1,1,1, 
730, DA70,1,1,0,1,1,0,1,0,0,1,1,1,0,0,0,0, 
731, DA84,1,1,0,1,1,0,1,0,1,0,0,0,0,1,0,0, 
732, DA7F,1,1,0,1,1,0,1,0,0,1,1,1,1,1,1,1, 
733, DA78,1,1,0,1,1,0,1,0,0,1,1,1,1,0,0,0, 
734, DA80,1,1,0,1,1,0,1,0,1,0,0,0,0,0,0,0, 
735, DA74,1,1,0,1,1,0,1,0,0,1,1,1,0,1,0,0, 
736, DA8D,1,1,0,1,1,0,1,0,1,0,0,0,1,1,0,1, 
737, DA79,1,1,0,1,1,0,1,0,0,1,1,1,1,0,0,1, 
738, DA6D,1,1,0,1,1,0,1,0,0,1,1,0,1,1,0,1, 
739, DA8F,1,1,0,1,1,0,1,0,1,0,0,0,1,1,1,1, 
740, DA73,1,1,0,1,1,0,1,0,0,1,1,1,0,0,1,1, 
741, DA7E,1,1,0,1,1,0,1,0,0,1,1,1,1,1,1,0, 
742, DA80,1,1,0,1,1,0,1,0,1,0,0,0,0,0,0,0, 
743, DA80,1,1,0,1,1,0,1,0,1,0,0,0,0,0,0,0, 
744, DA76,1,1,0,1,1,0,1,0,0,1,1,1,0,1,1,0, 
745, DA7F,1,1,0,1,1,0,1,0,0,1,1,1,1,1,1,1, 
746, DA77,1,1,0,1,1,0,1,0,0,1,1,1,0,1,1,1, 
747, DA7F,1,1,0,1,1,0,1,0,0,1,1,1,1,1,1,1, 
748, DA7D,1,1,0,1,1,0,1,0,0,1,1,1,1,1,0,1, 
749, DA7E,1,1,0,1,1,0,1,0,0,1,1,1,1,1,1,0, 
750, DA86,1,1,0,1,1,0,1,0,1,0,0,0,0,1,1,0, 
751, DA6D,1,1,0,1,1,0,1,0,0,1,1,0,1,1,0,1, 
752, DA82,1,1,0,1,1,0,1,0,1,0,0,0,0,0,1,0, 
753, DA7A,1,1,0,1,1,0,1,0,0,1,1,1,1,0,1,0, 
754, DA86,1,1,0,1,1,0,1,0,1,0,0,0,0,1,1,0, 
755, DA72,1,1,0,1,1,0,1,0,0,1,1,1,0,0,1,0, 
756, DA83,1,1,0,1,1,0,1,0,1,0,0,0,0,0,1,1, 
757, DA83,1,1,0,1,1,0,1,0,1,0,0,0,0,0,1,1, 
758, DA77,1,1,0,1,1,0,1,0,0,1,1,1,0,1,1,1, 
759, DA79,1,1,0,1,1,0,1,0,0,1,1,1,1,0,0,1, 
760, DA7D,1,1,0,1,1,0,1,0,0,1,1,1,1,1,0,1, 
761, DA7E,1,1,0,1,1,0,1,0,0,1,1,1,1,1,1,0, 
762, DA77,1,1,0,1,1,0,1,0,0,1,1,1,0,1,1,1, 
763, DA82,1,1,0,1,1,0,1,0,1,0,0,0,0,0,1,0, 
764, DA75,1,1,0,1,1,0,1,0,0,1,1,1,0,1,0,1, 
765, DA86,1,1,0,1,1,0,1,0,1,0,0,0,0,1,1,0, 
766, DA69,1,1,0,1,1,0,1,0,0,1,1,0,1,0,0,1, 
767, DA8E,1,1,0,1,1,0,1,0,1,0,0,0,1,1,1,0, 
768, DA78,1,1,0,1,1,0,1,0,0,1,1,1,1,0,0,0, 
769, DA72,1,1,0,1,1,0,1,0,0,1,1,1,0,0,1,0, 
770, DA8C,1,1,0,1,1,0,1,0,1,0,0,0,1,1,0,0, 
771, DA6D,1,1,0,1,1,0,1,0,0,1,1,0,1,1,0,1, 
772, DA80,1,1,0,1,1,0,1,0,1,0,0,0,0,0,0,0, 
773, DA75,1,1,0,1,1,0,1,0,0,1,1,1,0,1,0,1, 
774, DA8D,1,1,0,1,1,0,1,0,1,0,0,0,1,1,0,1, 
775, DA62,1,1,0,1,1,0,1,0,0,1,1,0,0,0,1,0, 
776, DA96,1,1,0,1,1,0,1,0,1,0,0,1,0,1,1,0, 
777, DA61,1,1,0,1,1,0,1,0,0,1,1,0,0,0,0,1, 
778, DA95,1,1,0,1,1,0,1,0,1,0,0,1,0,1,0,1, 
779, DA6C,1,1,0,1,1,0,1,0,0,1,1,0,1,1,0,0, 
780, DA82,1,1,0,1,1,0,1,0,1,0,0,0,0,0,1,0, 
781, DA74,1,1,0,1,1,0,1,0,0,1,1,1,0,1,0,0, 
782, DA84,1,1,0,1,1,0,1,0,1,0,0,0,0,1,0,0, 
783, DA7B,1,1,0,1,1,0,1,0,0,1,1,1,1,0,1,1, 
784, DA77,1,1,0,1,1,0,1,0,0,1,1,1,0,1,1,1, 
785, DA76,1,1,0,1,1,0,1,0,0,1,1,1,0,1,1,0, 
786, DA83,1,1,0,1,1,0,1,0,1,0,0,0,0,0,1,1, 
787, DA7B,1,1,0,1,1,0,1,0,0,1,1,1,1,0,1,1, 
788, DA74,1,1,0,1,1,0,1,0,0,1,1,1,0,1,0,0, 
789, DA7E,1,1,0,1,1,0,1,0,0,1,1,1,1,1,1,0, 
790, DA7B,1,1,0,1,1,0,1,0,0,1,1,1,1,0,1,1, 
791, DA82,1,1,0,1,1,0,1,0,1,0,0,0,0,0,1,0, 
792, DA70,1,1,0,1,1,0,1,0,0,1,1,1,0,0,0,0, 
793, DA80,1,1,0,1,1,0,1,0,1,0,0,0,0,0,0,0, 
794, DA81,1,1,0,1,1,0,1,0,1,0,0,0,0,0,0,1, 
795, DA6E,1,1,0,1,1,0,1,0,0,1,1,0,1,1,1,0, 
796, DA84,1,1,0,1,1,0,1,0,1,0,0,0,0,1,0,0, 
797, DA74,1,1,0,1,1,0,1,0,0,1,1,1,0,1,0,0, 
798, DA7E,1,1,0,1,1,0,1,0,0,1,1,1,1,1,1,0, 
799, DA75,1,1,0,1,1,0,1,0,0,1,1,1,0,1,0,1, 
800, DA79,1,1,0,1,1,0,1,0,0,1,1,1,1,0,0,1, 
801, DA8D,1,1,0,1,1,0,1,0,1,0,0,0,1,1,0,1, 
802, DA66,1,1,0,1,1,0,1,0,0,1,1,0,0,1,1,0, 
803, DA8B,1,1,0,1,1,0,1,0,1,0,0,0,1,0,1,1, 
804, DA6E,1,1,0,1,1,0,1,0,0,1,1,0,1,1,1,0, 
805, DA7A,1,1,0,1,1,0,1,0,0,1,1,1,1,0,1,0, 
806, DA8C,1,1,0,1,1,0,1,0,1,0,0,0,1,1,0,0, 
807, DA6D,1,1,0,1,1,0,1,0,0,1,1,0,1,1,0,1, 
808, DA82,1,1,0,1,1,0,1,0,1,0,0,0,0,0,1,0, 
809, DA73,1,1,0,1,1,0,1,0,0,1,1,1,0,0,1,1, 
810, DA89,1,1,0,1,1,0,1,0,1,0,0,0,1,0,0,1, 
811, DA6D,1,1,0,1,1,0,1,0,0,1,1,0,1,1,0,1, 
812, DA7F,1,1,0,1,1,0,1,0,0,1,1,1,1,1,1,1, 
813, DA87,1,1,0,1,1,0,1,0,1,0,0,0,0,1,1,1, 
814, DA71,1,1,0,1,1,0,1,0,0,1,1,1,0,0,0,1, 
815, DA83,1,1,0,1,1,0,1,0,1,0,0,0,0,0,1,1, 
816, DA75,1,1,0,1,1,0,1,0,0,1,1,1,0,1,0,1, 
817, DA81,1,1,0,1,1,0,1,0,1,0,0,0,0,0,0,1, 
818, DA81,1,1,0,1,1,0,1,0,1,0,0,0,0,0,0,1, 
819, DA74,1,1,0,1,1,0,1,0,0,1,1,1,0,1,0,0, 
820, DA80,1,1,0,1,1,0,1,0,1,0,0,0,0,0,0,0, 
821, DA81,1,1,0,1,1,0,1,0,1,0,0,0,0,0,0,1, 
822, DA78,1,1,0,1,1,0,1,0,0,1,1,1,1,0,0,0, 
823, DA81,1,1,0,1,1,0,1,0,1,0,0,0,0,0,0,1, 
824, DA81,1,1,0,1,1,0,1,0,1,0,0,0,0,0,0,1, 
825, DA74,1,1,0,1,1,0,1,0,0,1,1,1,0,1,0,0, 
826, DA81,1,1,0,1,1,0,1,0,1,0,0,0,0,0,0,1, 
827, DA80,1,1,0,1,1,0,1,0,1,0,0,0,0,0,0,0, 
828, DA78,1,1,0,1,1,0,1,0,0,1,1,1,1,0,0,0, 
829, DA81,1,1,0,1,1,0,1,0,1,0,0,0,0,0,0,1, 
830, DA84,1,1,0,1,1,0,1,0,1,0,0,0,0,1,0,0, 
831, DA78,1,1,0,1,1,0,1,0,0,1,1,1,1,0,0,0, 
832, DA6E,1,1,0,1,1,0,1,0,0,1,1,0,1,1,1,0, 
833, DA98,1,1,0,1,1,0,1,0,1,0,0,1,1,0,0,0, 
834, DA65,1,1,0,1,1,0,1,0,0,1,1,0,0,1,0,1, 
835, DA8D,1,1,0,1,1,0,1,0,1,0,0,0,1,1,0,1, 
836, DA76,1,1,0,1,1,0,1,0,0,1,1,1,0,1,1,0, 
837, DA8C,1,1,0,1,1,0,1,0,1,0,0,0,1,1,0,0, 
838, DA72,1,1,0,1,1,0,1,0,0,1,1,1,0,0,1,0, 
839, DA81,1,1,0,1,1,0,1,0,1,0,0,0,0,0,0,1, 
840, DA7F,1,1,0,1,1,0,1,0,0,1,1,1,1,1,1,1, 
841, DA75,1,1,0,1,1,0,1,0,0,1,1,1,0,1,0,1, 
842, DA87,1,1,0,1,1,0,1,0,1,0,0,0,0,1,1,1, 
843, DA87,1,1,0,1,1,0,1,0,1,0,0,0,0,1,1,1, 
844, DA71,1,1,0,1,1,0,1,0,0,1,1,1,0,0,0,1, 
845, DA86,1,1,0,1,1,0,1,0,1,0,0,0,0,1,1,0, 
846, DA7D,1,1,0,1,1,0,1,0,0,1,1,1,1,1,0,1, 
847, DA77,1,1,0,1,1,0,1,0,0,1,1,1,0,1,1,1, 
848, DA8C,1,1,0,1,1,0,1,0,1,0,0,0,1,1,0,0, 
849, DA75,1,1,0,1,1,0,1,0,0,1,1,1,0,1,0,1, 
850, DA8D,1,1,0,1,1,0,1,0,1,0,0,0,1,1,0,1, 
851, DA7A,1,1,0,1,1,0,1,0,0,1,1,1,1,0,1,0, 
852, DA7B,1,1,0,1,1,0,1,0,0,1,1,1,1,0,1,1, 
853, DA85,1,1,0,1,1,0,1,0,1,0,0,0,0,1,0,1, 
854, DA75,1,1,0,1,1,0,1,0,0,1,1,1,0,1,0,1, 
855, DA84,1,1,0,1,1,0,1,0,1,0,0,0,0,1,0,0, 
856, DA88,1,1,0,1,1,0,1,0,1,0,0,0,1,0,0,0, 
857, DA72,1,1,0,1,1,0,1,0,0,1,1,1,0,0,1,0, 
858, DA89,1,1,0,1,1,0,1,0,1,0,0,0,1,0,0,1, 
859, DA83,1,1,0,1,1,0,1,0,1,0,0,0,0,0,1,1, 
860, DA6A,1,1,0,1,1,0,1,0,0,1,1,0,1,0,1,0, 
861, DA98,1,1,0,1,1,0,1,0,1,0,0,1,1,0,0,0, 
862, DA70,1,1,0,1,1,0,1,0,0,1,1,1,0,0,0,0, 
863, DA7D,1,1,0,1,1,0,1,0,0,1,1,1,1,1,0,1, 
864, DA8D,1,1,0,1,1,0,1,0,1,0,0,0,1,1,0,1, 
865, DA71,1,1,0,1,1,0,1,0,0,1,1,1,0,0,0,1, 
866, DA87,1,1,0,1,1,0,1,0,1,0,0,0,0,1,1,1, 
867, DA7E,1,1,0,1,1,0,1,0,0,1,1,1,1,1,1,0, 
868, DA74,1,1,0,1,1,0,1,0,0,1,1,1,0,1,0,0, 
869, DA85,1,1,0,1,1,0,1,0,1,0,0,0,0,1,0,1, 
870, DA7C,1,1,0,1,1,0,1,0,0,1,1,1,1,1,0,0, 
871, DA87,1,1,0,1,1,0,1,0,1,0,0,0,0,1,1,1, 
872, DA73,1,1,0,1,1,0,1,0,0,1,1,1,0,0,1,1, 
873, DA7D,1,1,0,1,1,0,1,0,0,1,1,1,1,1,0,1, 
874, DA8D,1,1,0,1,1,0,1,0,1,0,0,0,1,1,0,1, 
875, DA74,1,1,0,1,1,0,1,0,0,1,1,1,0,1,0,0, 
876, DA79,1,1,0,1,1,0,1,0,0,1,1,1,1,0,0,1, 
877, DA87,1,1,0,1,1,0,1,0,1,0,0,0,0,1,1,1, 
878, DA7A,1,1,0,1,1,0,1,0,0,1,1,1,1,0,1,0, 
879, DA82,1,1,0,1,1,0,1,0,1,0,0,0,0,0,1,0, 
880, DA7B,1,1,0,1,1,0,1,0,0,1,1,1,1,0,1,1, 
881, DA83,1,1,0,1,1,0,1,0,1,0,0,0,0,0,1,1, 
882, DA79,1,1,0,1,1,0,1,0,0,1,1,1,1,0,0,1, 
883, DA74,1,1,0,1,1,0,1,0,0,1,1,1,0,1,0,0, 
884, DA8C,1,1,0,1,1,0,1,0,1,0,0,0,1,1,0,0, 
885, DA7C,1,1,0,1,1,0,1,0,0,1,1,1,1,1,0,0, 
886, DA7A,1,1,0,1,1,0,1,0,0,1,1,1,1,0,1,0, 
887, DA7E,1,1,0,1,1,0,1,0,0,1,1,1,1,1,1,0, 
888, DA79,1,1,0,1,1,0,1,0,0,1,1,1,1,0,0,1, 
889, DA89,1,1,0,1,1,0,1,0,1,0,0,0,1,0,0,1, 
890, DA6E,1,1,0,1,1,0,1,0,0,1,1,0,1,1,1,0, 
891, DA7E,1,1,0,1,1,0,1,0,0,1,1,1,1,1,1,0, 
892, DA88,1,1,0,1,1,0,1,0,1,0,0,0,1,0,0,0, 
893, DA77,1,1,0,1,1,0,1,0,0,1,1,1,0,1,1,1, 
894, DA87,1,1,0,1,1,0,1,0,1,0,0,0,0,1,1,1, 
895, DA76,1,1,0,1,1,0,1,0,0,1,1,1,0,1,1,0, 
896, DA7A,1,1,0,1,1,0,1,0,0,1,1,1,1,0,1,0, 
897, DA88,1,1,0,1,1,0,1,0,1,0,0,0,1,0,0,0, 
898, DA71,1,1,0,1,1,0,1,0,0,1,1,1,0,0,0,1, 
899, DA83,1,1,0,1,1,0,1,0,1,0,0,0,0,0,1,1, 
900, DA79,1,1,0,1,1,0,1,0,0,1,1,1,1,0,0,1, 
901, DA7D,1,1,0,1,1,0,1,0,0,1,1,1,1,1,0,1, 
902, DA73,1,1,0,1,1,0,1,0,0,1,1,1,0,0,1,1, 
903, DA82,1,1,0,1,1,0,1,0,1,0,0,0,0,0,1,0, 
904, DA7D,1,1,0,1,1,0,1,0,0,1,1,1,1,1,0,1, 
905, DA73,1,1,0,1,1,0,1,0,0,1,1,1,0,0,1,1, 
906, DA88,1,1,0,1,1,0,1,0,1,0,0,0,1,0,0,0, 
907, DA6D,1,1,0,1,1,0,1,0,0,1,1,0,1,1,0,1, 
908, DA82,1,1,0,1,1,0,1,0,1,0,0,0,0,0,1,0, 
909, DA86,1,1,0,1,1,0,1,0,1,0,0,0,0,1,1,0, 
910, DA70,1,1,0,1,1,0,1,0,0,1,1,1,0,0,0,0, 
911, DA81,1,1,0,1,1,0,1,0,1,0,0,0,0,0,0,1, 
912, DA7A,1,1,0,1,1,0,1,0,0,1,1,1,1,0,1,0, 
913, DA77,1,1,0,1,1,0,1,0,0,1,1,1,0,1,1,1, 
914, DA8C,1,1,0,1,1,0,1,0,1,0,0,0,1,1,0,0, 
915, DA6D,1,1,0,1,1,0,1,0,0,1,1,0,1,1,0,1, 
916, DA80,1,1,0,1,1,0,1,0,1,0,0,0,0,0,0,0, 
917, DA70,1,1,0,1,1,0,1,0,0,1,1,1,0,0,0,0, 
918, DA8E,1,1,0,1,1,0,1,0,1,0,0,0,1,1,1,0, 
919, DA75,1,1,0,1,1,0,1,0,0,1,1,1,0,1,0,1, 
920, DA77,1,1,0,1,1,0,1,0,0,1,1,1,0,1,1,1, 
921, DA83,1,1,0,1,1,0,1,0,1,0,0,0,0,0,1,1, 
922, DA73,1,1,0,1,1,0,1,0,0,1,1,1,0,0,1,1, 
923, DA81,1,1,0,1,1,0,1,0,1,0,0,0,0,0,0,1, 
924, DA80,1,1,0,1,1,0,1,0,1,0,0,0,0,0,0,0, 
925, DA6C,1,1,0,1,1,0,1,0,0,1,1,0,1,1,0,0, 
926, DA8B,1,1,0,1,1,0,1,0,1,0,0,0,1,0,1,1, 
927, DA75,1,1,0,1,1,0,1,0,0,1,1,1,0,1,0,1, 
928, DA7B,1,1,0,1,1,0,1,0,0,1,1,1,1,0,1,1, 
929, DA7C,1,1,0,1,1,0,1,0,0,1,1,1,1,1,0,0, 
930, DA7F,1,1,0,1,1,0,1,0,0,1,1,1,1,1,1,1, 
931, DA76,1,1,0,1,1,0,1,0,0,1,1,1,0,1,1,0, 
932, DA7A,1,1,0,1,1,0,1,0,0,1,1,1,1,0,1,0, 
933, DA7E,1,1,0,1,1,0,1,0,0,1,1,1,1,1,1,0, 
934, DA81,1,1,0,1,1,0,1,0,1,0,0,0,0,0,0,1, 
935, DA78,1,1,0,1,1,0,1,0,0,1,1,1,1,0,0,0, 
936, DA78,1,1,0,1,1,0,1,0,0,1,1,1,1,0,0,0, 
937, DA81,1,1,0,1,1,0,1,0,1,0,0,0,0,0,0,1, 
938, DA76,1,1,0,1,1,0,1,0,0,1,1,1,0,1,1,0, 
939, DA7E,1,1,0,1,1,0,1,0,0,1,1,1,1,1,1,0, 
940, DA6D,1,1,0,1,1,0,1,0,0,1,1,0,1,1,0,1, 
941, DA89,1,1,0,1,1,0,1,0,1,0,0,0,1,0,0,1, 
942, DA7D,1,1,0,1,1,0,1,0,0,1,1,1,1,1,0,1, 
943, DA67,1,1,0,1,1,0,1,0,0,1,1,0,0,1,1,1, 
944, DA8E,1,1,0,1,1,0,1,0,1,0,0,0,1,1,1,0, 
945, DA6D,1,1,0,1,1,0,1,0,0,1,1,0,1,1,0,1, 
946, DA7F,1,1,0,1,1,0,1,0,0,1,1,1,1,1,1,1, 
947, DA78,1,1,0,1,1,0,1,0,0,1,1,1,1,0,0,0, 
948, DA77,1,1,0,1,1,0,1,0,0,1,1,1,0,1,1,1, 
949, DA88,1,1,0,1,1,0,1,0,1,0,0,0,1,0,0,0, 
950, DA69,1,1,0,1,1,0,1,0,0,1,1,0,1,0,0,1, 
951, DA7E,1,1,0,1,1,0,1,0,0,1,1,1,1,1,1,0, 
952, DA81,1,1,0,1,1,0,1,0,1,0,0,0,0,0,0,1, 
953, DA73,1,1,0,1,1,0,1,0,0,1,1,1,0,0,1,1, 
954, DA81,1,1,0,1,1,0,1,0,1,0,0,0,0,0,0,1, 
955, DA78,1,1,0,1,1,0,1,0,0,1,1,1,1,0,0,0, 
956, DA70,1,1,0,1,1,0,1,0,0,1,1,1,0,0,0,0, 
957, DA83,1,1,0,1,1,0,1,0,1,0,0,0,0,0,1,1, 
958, DA75,1,1,0,1,1,0,1,0,0,1,1,1,0,1,0,1, 
959, DA7A,1,1,0,1,1,0,1,0,0,1,1,1,1,0,1,0, 
960, DA7E,1,1,0,1,1,0,1,0,0,1,1,1,1,1,1,0, 
961, DA63,1,1,0,1,1,0,1,0,0,1,1,0,0,0,1,1, 
962, DA8D,1,1,0,1,1,0,1,0,1,0,0,0,1,1,0,1, 
963, DA6F,1,1,0,1,1,0,1,0,0,1,1,0,1,1,1,1, 
964, DA79,1,1,0,1,1,0,1,0,0,1,1,1,1,0,0,1, 
965, DA79,1,1,0,1,1,0,1,0,0,1,1,1,1,0,0,1, 
966, DA73,1,1,0,1,1,0,1,0,0,1,1,1,0,0,1,1, 
967, DA89,1,1,0,1,1,0,1,0,1,0,0,0,1,0,0,1, 
968, DA66,1,1,0,1,1,0,1,0,0,1,1,0,0,1,1,0, 
969, DA89,1,1,0,1,1,0,1,0,1,0,0,0,1,0,0,1, 
970, DA6B,1,1,0,1,1,0,1,0,0,1,1,0,1,0,1,1, 
971, DA84,1,1,0,1,1,0,1,0,1,0,0,0,0,1,0,0, 
972, DA75,1,1,0,1,1,0,1,0,0,1,1,1,0,1,0,1, 
973, DA77,1,1,0,1,1,0,1,0,0,1,1,1,0,1,1,1, 
974, DA84,1,1,0,1,1,0,1,0,1,0,0,0,0,1,0,0, 
975, DA6B,1,1,0,1,1,0,1,0,0,1,1,0,1,0,1,1, 
976, DA83,1,1,0,1,1,0,1,0,1,0,0,0,0,0,1,1, 
977, DA6C,1,1,0,1,1,0,1,0,0,1,1,0,1,1,0,0, 
978, DA81,1,1,0,1,1,0,1,0,1,0,0,0,0,0,0,1, 
979, DA73,1,1,0,1,1,0,1,0,0,1,1,1,0,0,1,1, 
980, DA7E,1,1,0,1,1,0,1,0,0,1,1,1,1,1,1,0, 
981, DA70,1,1,0,1,1,0,1,0,0,1,1,1,0,0,0,0, 
982, DA74,1,1,0,1,1,0,1,0,0,1,1,1,0,1,0,0, 
983, DA85,1,1,0,1,1,0,1,0,1,0,0,0,0,1,0,1, 
984, DA7B,1,1,0,1,1,0,1,0,0,1,1,1,1,0,1,1, 
985, DA6D,1,1,0,1,1,0,1,0,0,1,1,0,1,1,0,1, 
986, DA86,1,1,0,1,1,0,1,0,1,0,0,0,0,1,1,0, 
987, DA6E,1,1,0,1,1,0,1,0,0,1,1,0,1,1,1,0, 
988, DA80,1,1,0,1,1,0,1,0,1,0,0,0,0,0,0,0, 
989, DA7C,1,1,0,1,1,0,1,0,0,1,1,1,1,1,0,0, 
990, DA69,1,1,0,1,1,0,1,0,0,1,1,0,1,0,0,1, 
991, DA8F,1,1,0,1,1,0,1,0,1,0,0,0,1,1,1,1, 
992, DA69,1,1,0,1,1,0,1,0,0,1,1,0,1,0,0,1, 
993, DA81,1,1,0,1,1,0,1,0,1,0,0,0,0,0,0,1, 
994, DA78,1,1,0,1,1,0,1,0,0,1,1,1,1,0,0,0, 
995, DA7D,1,1,0,1,1,0,1,0,0,1,1,1,1,1,0,1, 
996, DA7A,1,1,0,1,1,0,1,0,0,1,1,1,1,0,1,0, 
997, DA76,1,1,0,1,1,0,1,0,0,1,1,1,0,1,1,0, 
998, DA7D,1,1,0,1,1,0,1,0,0,1,1,1,1,1,0,1, 
999, DA86,1,1,0,1,1,0,1,0,1,0,0,0,0,1,1,0, 
1000, DA5E,1,1,0,1,1,0,1,0,0,1,0,1,1,1,1,0, 
1001, DA95,1,1,0,1,1,0,1,0,1,0,0,1,0,1,0,1, 
1002, DA70,1,1,0,1,1,0,1,0,0,1,1,1,0,0,0,0, 
1003, DA75,1,1,0,1,1,0,1,0,0,1,1,1,0,1,0,1, 
1004, DA7C,1,1,0,1,1,0,1,0,0,1,1,1,1,1,0,0, 
1005, DA80,1,1,0,1,1,0,1,0,1,0,0,0,0,0,0,0, 
1006, DA7B,1,1,0,1,1,0,1,0,0,1,1,1,1,0,1,1, 
1007, DA74,1,1,0,1,1,0,1,0,0,1,1,1,0,1,0,0, 
1008, DA80,1,1,0,1,1,0,1,0,1,0,0,0,0,0,0,0, 
1009, DA6E,1,1,0,1,1,0,1,0,0,1,1,0,1,1,1,0, 
1010, DA8C,1,1,0,1,1,0,1,0,1,0,0,0,1,1,0,0, 
1011, DA6C,1,1,0,1,1,0,1,0,0,1,1,0,1,1,0,0, 
1012, DA78,1,1,0,1,1,0,1,0,0,1,1,1,1,0,0,0, 
1013, DA84,1,1,0,1,1,0,1,0,1,0,0,0,0,1,0,0, 
1014, DA7B,1,1,0,1,1,0,1,0,0,1,1,1,1,0,1,1, 
1015, DA7B,1,1,0,1,1,0,1,0,0,1,1,1,1,0,1,1, 
1016, DA6E,1,1,0,1,1,0,1,0,0,1,1,0,1,1,1,0, 
1017, DA95,1,1,0,1,1,0,1,0,1,0,0,1,0,1,0,1, 
1018, DA5E,1,1,0,1,1,0,1,0,0,1,0,1,1,1,1,0, 
1019, DA95,1,1,0,1,1,0,1,0,1,0,0,1,0,1,0,1, 
1020, DA61,1,1,0,1,1,0,1,0,0,1,1,0,0,0,0,1, 
1021, DA98,1,1,0,1,1,0,1,0,1,0,0,1,1,0,0,0, 
1022, DA68,1,1,0,1,1,0,1,0,0,1,1,0,1,0,0,0, 
1023, DA80,1,1,0,1,1,0,1,0,1,0,0,0,0,0,0,0, 
1024, DA78,1,1,0,1,1,0,1,0,0,1,1,1,1,0,0,0, 
1025, DA78,1,1,0,1,1,0,1,0,0,1,1,1,1,0,0,0, 
